-- MySQL dump 10.13  Distrib 8.0.32, for Win64 (x86_64)
--
-- Host: 3.34.141.120    Database: calling
-- ------------------------------------------------------
-- Server version	11.1.2-MariaDB-1:11.1.2+maria~ubu2204

/*!40101 SET @OLD_CHARACTER_SET_CLIENT=@@CHARACTER_SET_CLIENT */;
/*!40101 SET @OLD_CHARACTER_SET_RESULTS=@@CHARACTER_SET_RESULTS */;
/*!40101 SET @OLD_COLLATION_CONNECTION=@@COLLATION_CONNECTION */;
/*!50503 SET NAMES utf8mb4 */;
/*!40103 SET @OLD_TIME_ZONE=@@TIME_ZONE */;
/*!40103 SET TIME_ZONE='+00:00' */;
/*!40014 SET @OLD_UNIQUE_CHECKS=@@UNIQUE_CHECKS, UNIQUE_CHECKS=0 */;
/*!40014 SET @OLD_FOREIGN_KEY_CHECKS=@@FOREIGN_KEY_CHECKS, FOREIGN_KEY_CHECKS=0 */;
/*!40101 SET @OLD_SQL_MODE=@@SQL_MODE, SQL_MODE='NO_AUTO_VALUE_ON_ZERO' */;
/*!40111 SET @OLD_SQL_NOTES=@@SQL_NOTES, SQL_NOTES=0 */;

--
-- Table structure for table `calling`
--

DROP TABLE IF EXISTS `calling`;
/*!40101 SET @saved_cs_client     = @@character_set_client */;
/*!50503 SET character_set_client = utf8mb4 */;
CREATE TABLE `calling` (
  `id` bigint(20) NOT NULL AUTO_INCREMENT,
  `created_at` datetime(6) DEFAULT NULL,
  `member_id` bigint(20) DEFAULT NULL,
  `reason` varchar(255) DEFAULT NULL,
  `response_time` datetime(6) DEFAULT NULL,
  `status` enum('APPROVED','PENDING','REJECTED','TERMINATED','FIXED','CANCELED') DEFAULT NULL,
  `occurrence_id` bigint(20) DEFAULT NULL,
  PRIMARY KEY (`id`),
  KEY `FKaiuqgifq4ryp7a1oij1xf6ayn` (`occurrence_id`),
  CONSTRAINT `FKaiuqgifq4ryp7a1oij1xf6ayn` FOREIGN KEY (`occurrence_id`) REFERENCES `occurrence` (`id`)
) ENGINE=InnoDB AUTO_INCREMENT=1846 DEFAULT CHARSET=utf8mb4 COLLATE=utf8mb4_general_ci;
/*!40101 SET character_set_client = @saved_cs_client */;

--
-- Dumping data for table `calling`
--

/*!40000 ALTER TABLE `calling` DISABLE KEYS */;
INSERT INTO `calling` VALUES (1598,'2023-11-16 20:17:01.147190',1379,'',NULL,'TERMINATED',553),(1599,'2023-11-16 20:17:01.148695',1521,'','2023-11-16 20:18:41.312949','FIXED',553),(1600,'2023-11-16 20:35:36.875649',1379,'','2023-11-16 20:37:13.541077','FIXED',554),(1601,'2023-11-16 20:35:36.877329',1521,'','2023-11-16 20:36:10.784870','APPROVED',554),(1602,'2023-11-16 20:52:30.758763',1379,'','2023-11-16 20:53:48.039047','FIXED',555),(1603,'2023-11-16 20:52:30.760219',1521,'',NULL,'TERMINATED',555),(1604,'2023-11-16 20:56:33.163286',1379,'','2023-11-16 20:56:58.079041','FIXED',556),(1605,'2023-11-16 20:56:33.164750',1521,'',NULL,'TERMINATED',556),(1606,'2023-11-16 20:57:31.488488',1379,'','2023-11-16 20:57:53.121402','FIXED',557),(1607,'2023-11-16 20:57:31.490011',1521,'',NULL,'TERMINATED',557),(1608,'2023-11-16 20:59:21.784975',1379,'','2023-11-16 21:00:13.123176','FIXED',558),(1609,'2023-11-16 20:59:21.786558',1521,'',NULL,'TERMINATED',558),(1614,'2023-11-16 21:10:14.410275',1379,'',NULL,'TERMINATED',561),(1615,'2023-11-16 21:10:14.411668',1521,'','2023-11-16 21:10:29.774348','FIXED',561),(1623,'2023-11-16 21:14:41.844928',1379,'',NULL,'TERMINATED',562),(1624,'2023-11-16 21:14:41.846296',1521,'','2023-11-16 21:14:52.462195','FIXED',562),(1625,'2023-11-16 21:21:24.219828',1379,'',NULL,'TERMINATED',563),(1626,'2023-11-16 21:21:24.221243',1521,'','2023-11-16 21:21:36.844964','FIXED',563),(1627,'2023-11-16 21:26:50.749725',1379,'',NULL,'TERMINATED',564),(1628,'2023-11-16 21:26:50.751300',1521,'','2023-11-16 21:26:57.718069','FIXED',564),(1637,'2023-11-16 21:39:03.025453',1379,'','2023-11-16 21:39:29.777555','FIXED',569),(1638,'2023-11-16 21:39:03.027536',1521,'','2023-11-16 21:39:14.129970','APPROVED',569),(1639,'2023-11-16 21:43:23.145608',1379,'','2023-11-16 21:43:34.656983','FIXED',570),(1640,'2023-11-16 21:43:23.147685',1521,'',NULL,'TERMINATED',570),(1641,'2023-11-16 21:44:28.288725',1379,'','2023-11-16 21:44:58.797704','FIXED',571),(1642,'2023-11-16 21:44:28.290776',1521,'','2023-11-16 21:44:44.949595','APPROVED',571),(1682,'2023-11-16 22:14:32.430226',1379,'',NULL,'TERMINATED',578),(1683,'2023-11-16 22:14:32.432202',1521,'','2023-11-16 22:14:41.292769','FIXED',578),(1685,'2023-11-16 22:19:40.427622',1379,'',NULL,'TERMINATED',580),(1686,'2023-11-16 22:19:40.429387',1521,'','2023-11-16 22:19:53.438668','FIXED',580),(1692,'2023-11-16 22:29:30.314928',1379,'',NULL,'TERMINATED',581),(1693,'2023-11-16 22:29:30.316795',1521,'','2023-11-16 22:29:43.621234','FIXED',581),(1700,'2023-11-16 22:41:55.612974',1154,'','2023-11-16 22:42:42.408633','FIXED',579),(1701,'2023-11-16 22:41:55.653814',1378,'',NULL,'TERMINATED',579),(1702,'2023-11-16 22:41:55.664103',1379,'',NULL,'TERMINATED',579),(1703,'2023-11-16 22:41:55.672859',1516,'',NULL,'TERMINATED',579),(1704,'2023-11-16 22:41:55.683421',1521,'','2023-11-16 22:42:11.849945','APPROVED',579),(1705,'2023-11-16 22:42:29.895732',1379,'',NULL,'TERMINATED',582),(1706,'2023-11-16 22:42:29.897767',1521,'','2023-11-16 22:42:42.451846','FIXED',582),(1707,'2023-11-16 22:57:11.030132',1379,'','2023-11-16 22:57:30.572273','FIXED',583),(1708,'2023-11-16 22:57:11.036151',1521,'',NULL,'TERMINATED',583),(1711,'2023-11-16 23:56:45.090347',1379,'','2023-11-16 23:58:56.308255','APPROVED',585),(1713,'2023-11-17 00:03:58.473884',1379,'','2023-11-17 00:04:31.335938','FIXED',586),(1714,'2023-11-17 00:03:58.476233',1521,'',NULL,'TERMINATED',586),(1715,'2023-11-17 00:51:59.135702',1379,'','2023-11-17 00:52:40.509580','FIXED',587),(1716,'2023-11-17 00:51:59.137679',1521,'',NULL,'TERMINATED',587),(1717,'2023-11-17 00:58:53.512013',1379,'',NULL,'TERMINATED',588),(1718,'2023-11-17 01:00:55.626687',1154,'',NULL,'TERMINATED',588),(1719,'2023-11-17 01:00:55.628502',1378,'',NULL,'TERMINATED',588),(1720,'2023-11-17 01:00:55.629968',1516,'',NULL,'TERMINATED',588),(1721,'2023-11-17 01:00:55.633002',1521,'','2023-11-17 01:01:54.406582','FIXED',588),(1722,'2023-11-17 01:25:04.588707',1379,'','2023-11-17 01:25:24.530143','FIXED',589),(1728,'2023-11-17 01:34:18.362442',1379,'전문의 부재','2023-11-17 01:42:05.151269','REJECTED',591),(1745,'2023-11-17 01:44:33.796809',1379,'응급실 병상이 부족함','2023-11-17 01:45:11.257666','REJECTED',593),(1759,'2023-11-17 01:45:39.248904',1151,'',NULL,'TERMINATED',595),(1760,'2023-11-17 01:45:39.250763',1154,'',NULL,'TERMINATED',595),(1761,'2023-11-17 01:45:39.252053',1378,'',NULL,'TERMINATED',595),(1762,'2023-11-17 01:45:39.253379',1379,'','2023-11-17 01:46:19.895267','FIXED',595),(1763,'2023-11-17 01:45:39.254663',1492,'',NULL,'TERMINATED',595),(1764,'2023-11-17 01:45:39.255993',1514,'',NULL,'TERMINATED',595),(1765,'2023-11-17 01:45:39.257364',1516,'',NULL,'TERMINATED',595),(1766,'2023-11-17 01:45:39.258631',1521,'',NULL,'TERMINATED',595),(1778,'2023-11-17 01:55:21.877782',1150,'',NULL,'TERMINATED',597),(1779,'2023-11-17 01:55:21.879676',1151,'',NULL,'TERMINATED',597),(1780,'2023-11-17 01:55:21.881051',1154,'',NULL,'TERMINATED',597),(1781,'2023-11-17 01:55:21.882427',1234,'',NULL,'TERMINATED',597),(1782,'2023-11-17 01:55:21.885447',1303,'',NULL,'TERMINATED',597),(1783,'2023-11-17 01:55:21.886756',1378,'',NULL,'TERMINATED',597),(1784,'2023-11-17 01:55:21.888069',1379,'','2023-11-17 01:56:03.087830','FIXED',597),(1785,'2023-11-17 01:55:21.889438',1425,'',NULL,'TERMINATED',597),(1786,'2023-11-17 01:55:21.890728',1492,'',NULL,'TERMINATED',597),(1787,'2023-11-17 01:55:21.892373',1494,'',NULL,'TERMINATED',597),(1788,'2023-11-17 01:55:21.893604',1514,'',NULL,'TERMINATED',597),(1789,'2023-11-17 01:55:21.894819',1516,'',NULL,'TERMINATED',597),(1790,'2023-11-17 01:55:21.896069',1521,'',NULL,'TERMINATED',597),(1791,'2023-11-17 01:57:55.433270',1151,'',NULL,'TERMINATED',598),(1792,'2023-11-17 01:57:55.435355',1154,'',NULL,'TERMINATED',598),(1793,'2023-11-17 01:57:55.438292',1378,'',NULL,'TERMINATED',598),(1794,'2023-11-17 01:57:55.439425',1379,'','2023-11-17 02:00:43.997551','FIXED',598),(1795,'2023-11-17 01:57:55.440641',1492,'',NULL,'TERMINATED',598),(1796,'2023-11-17 01:57:55.441731',1514,'',NULL,'TERMINATED',598),(1797,'2023-11-17 01:57:55.442953',1516,'',NULL,'TERMINATED',598),(1798,'2023-11-17 01:57:55.444276',1521,'',NULL,'TERMINATED',598),(1799,'2023-11-17 02:04:51.106087',1379,'','2023-11-17 02:09:10.542022','FIXED',599),(1800,'2023-11-17 02:06:52.972867',1154,'',NULL,'TERMINATED',599),(1801,'2023-11-17 02:06:52.974570',1378,'',NULL,'TERMINATED',599),(1802,'2023-11-17 02:06:52.975721',1516,'',NULL,'TERMINATED',599),(1803,'2023-11-17 02:06:52.976893',1521,'',NULL,'TERMINATED',599),(1804,'2023-11-17 02:08:53.868847',1151,'',NULL,'TERMINATED',599),(1805,'2023-11-17 02:08:53.870574',1303,'',NULL,'TERMINATED',599),(1806,'2023-11-17 02:08:53.871785',1492,'',NULL,'TERMINATED',599),(1807,'2023-11-17 02:08:53.872891',1514,'',NULL,'TERMINATED',599),(1817,'2023-11-17 02:18:09.918882',1151,'',NULL,'TERMINATED',601),(1818,'2023-11-17 02:18:09.920691',1154,'',NULL,'TERMINATED',601),(1819,'2023-11-17 02:18:09.921892',1378,'',NULL,'TERMINATED',601),(1820,'2023-11-17 02:18:09.923104',1379,'','2023-11-17 02:18:22.425911','FIXED',601),(1821,'2023-11-17 02:18:09.924304',1492,'',NULL,'TERMINATED',601),(1822,'2023-11-17 02:18:09.925513',1514,'',NULL,'TERMINATED',601),(1823,'2023-11-17 02:18:09.926750',1516,'',NULL,'TERMINATED',601),(1824,'2023-11-17 02:18:09.927948',1521,'',NULL,'TERMINATED',601),(1825,'2023-11-17 02:56:32.508034',1379,'','2023-11-17 02:56:58.214281','FIXED',625),(1826,'2023-11-17 02:58:34.457738',1379,'전문의 부족','2023-11-17 03:05:16.365106','REJECTED',626),(1827,'2023-11-17 03:00:36.216039',1154,'',NULL,'TERMINATED',626),(1828,'2023-11-17 03:00:36.217712',1516,'',NULL,'TERMINATED',626),(1829,'2023-11-17 03:00:36.218806',1521,'','2023-11-17 03:00:48.528544','FIXED',626),(1830,'2023-11-17 03:06:48.410439',1379,'','2023-11-17 03:07:09.148728','FIXED',627),(1831,'2023-11-17 03:06:48.412119',1521,'',NULL,'TERMINATED',627),(1832,'2023-11-17 03:10:45.541704',1379,'','2023-11-17 03:12:33.026472','FIXED',628),(1833,'2023-11-17 03:10:45.543408',1521,'',NULL,'TERMINATED',628),(1834,'2023-11-17 03:49:38.894195',1154,'',NULL,'TERMINATED',629),(1835,'2023-11-17 03:49:38.899733',1379,'','2023-11-17 03:49:52.201554','FIXED',629),(1836,'2023-11-17 03:49:38.901282',1516,'',NULL,'TERMINATED',629),(1837,'2023-11-17 03:49:38.902876',1521,'',NULL,'TERMINATED',629),(1838,'2023-11-17 03:51:20.933502',1379,'','2023-11-17 03:51:25.629442','CANCELED',630),(1840,'2023-11-17 03:52:54.020295',1379,'','2023-11-17 03:53:13.617745','FIXED',631),(1841,'2023-11-17 03:52:54.022253',1521,'',NULL,'TERMINATED',631),(1842,'2023-11-17 04:11:32.464253',1379,'','2023-11-17 04:26:36.733013','FIXED',632),(1843,'2023-11-17 04:11:32.466155',1521,'',NULL,'TERMINATED',632),(1844,'2023-11-17 04:40:34.656637',1379,'','2023-11-17 04:41:53.500967','FIXED',633),(1845,'2023-11-17 04:40:34.658448',1521,'',NULL,'TERMINATED',633);
/*!40000 ALTER TABLE `calling` ENABLE KEYS */;

--
-- Table structure for table `member_tag`
--

DROP TABLE IF EXISTS `member_tag`;
/*!40101 SET @saved_cs_client     = @@character_set_client */;
/*!50503 SET character_set_client = utf8mb4 */;
CREATE TABLE `member_tag` (
  `id` bigint(20) NOT NULL AUTO_INCREMENT,
  `member_id` bigint(20) DEFAULT NULL,
  `tag_id` bigint(20) DEFAULT NULL,
  PRIMARY KEY (`id`),
  KEY `FKcg8t5r0fghpy478wylesc2sfj` (`tag_id`),
  CONSTRAINT `FKcg8t5r0fghpy478wylesc2sfj` FOREIGN KEY (`tag_id`) REFERENCES `tag` (`id`)
) ENGINE=InnoDB AUTO_INCREMENT=238 DEFAULT CHARSET=utf8mb4 COLLATE=utf8mb4_general_ci;
/*!40101 SET character_set_client = @saved_cs_client */;

--
-- Dumping data for table `member_tag`
--

/*!40000 ALTER TABLE `member_tag` DISABLE KEYS */;
INSERT INTO `member_tag` VALUES (207,1696,149),(208,1696,150),(209,1696,151),(210,1696,152),(211,1696,153),(212,1696,154),(213,1994,152),(214,1994,155),(215,1696,156),(216,1913,157),(217,1913,158),(218,1994,159),(219,1994,150),(220,1994,160),(221,1994,161),(226,1696,166),(227,1379,157),(228,1994,154),(229,1994,167),(230,1696,155),(231,1379,158),(232,1379,159),(233,1913,159),(234,1994,168),(235,1913,152),(236,1913,155),(237,1913,154);
/*!40000 ALTER TABLE `member_tag` ENABLE KEYS */;

--
-- Table structure for table `occurrence`
--

DROP TABLE IF EXISTS `occurrence`;
/*!40101 SET @saved_cs_client     = @@character_set_client */;
/*!50503 SET character_set_client = utf8mb4 */;
CREATE TABLE `occurrence` (
  `id` bigint(20) NOT NULL AUTO_INCREMENT,
  `age_group` enum('ADOLESCENT','CHILD','INFANT','MIDDLE','SENIOR','YOUTH') DEFAULT NULL,
  `created_at` datetime(6) DEFAULT NULL,
  `gender` enum('FEMALE','MALE') DEFAULT NULL,
  `ktas` enum('KTAS1','KTAS2','KTAS3','KTAS4','KTAS5') DEFAULT NULL,
  `latitude` double DEFAULT NULL,
  `longitude` double DEFAULT NULL,
  `member_id` bigint(20) DEFAULT NULL,
  `symptom` varchar(255) DEFAULT NULL,
  `address` varchar(255) DEFAULT NULL,
  PRIMARY KEY (`id`)
) ENGINE=InnoDB AUTO_INCREMENT=634 DEFAULT CHARSET=utf8mb4 COLLATE=utf8mb4_general_ci;
/*!40101 SET character_set_client = @saved_cs_client */;

--
-- Dumping data for table `occurrence`
--

/*!40000 ALTER TABLE `occurrence` DISABLE KEYS */;
INSERT INTO `occurrence` VALUES (553,'YOUTH','2023-11-16 20:17:00.081911','MALE','KTAS1',36.3529508,127.3450497,1696,'오토바이 사고로 인한 복부 출혈','대전 유성구 봉명동 548-12'),(554,'INFANT','2023-11-16 20:35:35.638764','MALE','KTAS4',36.3529335,127.345044,1696,'38.5도의 고열과 복통','대전 유성구 봉명동 1058'),(555,'SENIOR','2023-11-16 20:52:29.527847','MALE','KTAS1',36.352928,127.3450485,1696,'심정지 1분 후 CPR 진행중','대전 유성구 봉명동 1058'),(556,'YOUTH','2023-11-16 20:56:32.026717','MALE','KTAS1',36.3529344,127.3450447,1994,'복통 호소, 호흡곤란','대전 유성구 봉명동 548-12'),(557,'MIDDLE','2023-11-16 20:57:29.789787','FEMALE','KTAS2',36.3529363,127.3450482,1696,'의식이 없음','대전 유성구 봉명동 548-12'),(558,'SENIOR','2023-11-16 20:59:20.101401','MALE','KTAS2',36.3529549,127.3450479,1696,'뇌출혈이 의심됨','대전 유성구 봉명동 548-12'),(559,'MIDDLE','2023-11-16 21:06:37.204378','FEMALE','KTAS3',36.3529341,127.3450411,1913,'당뇨 환자. 저혈당으로 쓰러진 상태. 응급처치 중','대전 유성구 봉명동 1058'),(560,'SENIOR','2023-11-16 21:08:37.599370','FEMALE','KTAS2',36.352968,127.3450536,1913,'낙상 환자. 골반 골절 의심. 골다공증 이력','대전 유성구 봉명동 548-12'),(561,'YOUTH','2023-11-16 21:10:13.186769','MALE','KTAS1',36.352937,127.3450481,1994,'다리 골절','대전 유성구 봉명동 548-12'),(562,'YOUTH','2023-11-16 21:14:40.749243','MALE','KTAS3',36.3529523,127.3450502,1994,'교통사고로 인한 복합골절 및 출혈','대전 유성구 봉명동 548-12'),(563,'YOUTH','2023-11-16 21:21:23.158773','MALE','KTAS4',36.3529531,127.3450508,1994,'왼쪽 눈 실명','대전 유성구 봉명동 548-12'),(564,'YOUTH','2023-11-16 21:26:49.127663','FEMALE','KTAS4',36.3529306,127.3450357,1994,'빈혈 및 호흡질문','대전 유성구 봉명동 1058'),(567,'YOUTH','2023-11-16 21:33:45.020816','FEMALE','KTAS3',36.3529324,127.3450391,1994,'전동 킥보드 충돌로 인한 복합골절','대전 유성구 봉명동 1058'),(569,'YOUTH','2023-11-16 21:39:01.352251','MALE','KTAS1',36.3529333,127.3450518,1696,'철근이 복부를 관통함','대전 유성구 봉명동 548-12'),(570,'INFANT','2023-11-16 21:43:21.936510','MALE','KTAS3',36.3529346,127.3450511,1696,'다리에 화상','대전 유성구 봉명동 548-12'),(571,'INFANT','2023-11-16 21:44:26.578422','FEMALE','KTAS3',36.3529371,127.3450506,1696,'팔에 화상','대전 유성구 봉명동 548-12'),(578,'YOUTH','2023-11-16 22:14:31.315916','MALE','KTAS2',36.3529314,127.3450442,1994,'과로로 인한 의식불명','대전 유성구 봉명동 1058'),(579,'YOUTH','2023-11-16 22:17:51.982980','MALE','KTAS2',36.3528192,127.3069568,1696,'뇌출혈 증상이 있습니다.','탐탐 커피'),(580,'YOUTH','2023-11-16 22:19:39.322630','MALE','KTAS3',36.3529416,127.3450448,1994,'과로로 인한 의식불명','대전 유성구 봉명동 548-12'),(581,'CHILD','2023-11-16 22:29:28.674297','FEMALE','KTAS3',36.3529459,127.345045,1994,'영양실조','대전 유성구 봉명동 548-12'),(582,'YOUTH','2023-11-16 22:42:28.607246','MALE','KTAS4',36.3529504,127.3450542,1994,'마약류 섭취로 인한 환각 상태','대전 유성구 봉명동 548-12'),(583,'MIDDLE','2023-11-16 22:57:09.013842','MALE','KTAS1',36.3529503,127.3450652,1696,'호흡 곤란으로 인한 심정지','대전 유성구 봉명동 548-12'),(584,'CHILD','2023-11-16 23:54:55.735996','MALE','KTAS4',36.3546715,127.3431509,1913,'환자의 다리가 부러졌습니다','대전 유성구 봉명동 550-11'),(585,'CHILD','2023-11-16 23:56:43.506768','MALE','KTAS5',36.3546633,127.3431693,1379,'환장의 다리가 부러졌습니다','대전 유성구 봉명동 550-11'),(586,'ADOLESCENT','2023-11-17 00:03:56.762793','MALE','KTAS2',36.3546633,127.3431693,1913,'환자의 다리가 골절 되었습니다','대전 유성구 봉명동 550-11'),(587,'ADOLESCENT','2023-11-17 00:51:58.025963','MALE','KTAS3',36.3532327,127.3503005,1913,'현재 무릎 타박상 축구하다가 발목 골절','대전 유성구 봉명동 496-25'),(588,'SENIOR','2023-11-17 00:58:52.698757','MALE','KTAS3',36.3483665,127.3001421,1994,'교통사고로 인한 골절','대전 유성구 덕명동 622'),(589,'YOUTH','2023-11-17 01:25:03.673481','MALE','KTAS3',36.348196,127.2998515,1994,'과로','대전 유성구 덕명동 600-12'),(590,'YOUTH','2023-11-17 01:29:22.312772','MALE','KTAS3',36.3483702,127.300126,1994,'수면부족으로 인한 기절','대전 유성구 덕명동 622'),(591,'ADOLESCENT','2023-11-17 01:34:17.434015','FEMALE','KTAS3',36.3483724,127.3001353,1994,'골절','대전 유성구 덕명동 622'),(592,'YOUTH','2023-11-17 01:42:19.432693','MALE','KTAS3',36.3483669,127.3001411,1994,'과로','대전 유성구 덕명동 622'),(593,'INFANT','2023-11-17 01:44:31.511260','MALE','KTAS2',36.3546625,127.3431697,1913,'심한 복통을 호소 함','대전 유성구 봉명동 550-11'),(594,'YOUTH','2023-11-17 01:45:17.903533','MALE','KTAS3',36.3482088,127.2998178,1994,'과로','대전 유성구 덕명동 600-12'),(595,'INFANT','2023-11-17 01:45:37.033912','MALE','KTAS2',36.3546625,127.3431697,1913,'심한 복통을 호소 함','대전 유성구 봉명동 550-11'),(596,'YOUTH','2023-11-17 01:46:18.456528','MALE','KTAS3',36.3482088,127.2998178,1994,'과로','대전 유성구 덕명동 600-12'),(597,'YOUTH','2023-11-17 01:55:18.630439','MALE','KTAS3',36.3482936,127.3000669,1994,'과로','대전 유성구 덕명동 600-5'),(598,'CHILD','2023-11-17 01:57:53.135322','MALE','KTAS2',36.3546666,127.343162,1913,'호흡곤란으로 인한 기절','대전 유성구 봉명동 550-11'),(599,'YOUTH','2023-11-17 02:04:50.252475','MALE','KTAS3',36.3483641,127.3001305,1994,'과로','대전 유성구 덕명동 622'),(600,'CHILD','2023-11-17 02:11:00.519055','FEMALE','KTAS3',36.3482896,127.3000399,1994,'복통','대전 유성구 덕명동 600-5'),(601,'INFANT','2023-11-17 02:18:07.609138','MALE','KTAS1',36.3546638,127.3431707,1913,'다리 발목 골절','대전 유성구 봉명동 550-11'),(602,'YOUTH','2023-11-17 02:18:24.134753','MALE','KTAS4',36.348192,127.2998617,1994,'졸림','대전 유성구 덕명동 600-12'),(603,'YOUTH','2023-11-17 02:20:08.911668','MALE','KTAS2',36.348192,127.2998617,1994,'전신 타박상 및 골절','대전 유성구 덕명동 600-12'),(604,'YOUTH','2023-11-17 02:20:36.518453','MALE','KTAS2',36.3483906,127.3001516,1994,'','대전 유성구 덕명동 622'),(605,'MIDDLE','2023-11-17 02:21:38.645647','MALE','KTAS2',36.3546712,127.3431508,1913,'공사장에서 일하다가 추락 함','대전 유성구 봉명동 550-11'),(606,'MIDDLE','2023-11-17 02:22:02.374910','MALE','KTAS2',36.3546712,127.3431508,1913,'공사장에서 일하다가 추락 함','대전 유성구 봉명동 550-11'),(607,'YOUTH','2023-11-17 02:22:18.915396','MALE','KTAS2',36.3483906,127.3001516,1994,'복합 골절 및 출혈','대전 유성구 덕명동 622'),(608,'YOUTH','2023-11-17 02:22:22.989790','MALE','KTAS2',36.3483906,127.3001516,1994,'복합 골절 및 출혈','대전 유성구 덕명동 622'),(609,'YOUTH','2023-11-17 02:22:36.265758','MALE','KTAS1',36.3546712,127.3431508,1913,'공사장에서 일하다가 추락 함','대전 유성구 봉명동 550-11'),(610,'YOUTH','2023-11-17 02:22:41.823726','MALE','KTAS1',36.3546712,127.3431508,1913,'공사장에서 일하다가 추락 함','대전 유성구 봉명동 550-11'),(611,'YOUTH','2023-11-17 02:23:11.114374','MALE','KTAS2',36.3546712,127.3431508,1913,'공사장에서 일하다가 추락','대전 유성구 봉명동 550-11'),(612,'YOUTH','2023-11-17 02:23:18.366667','MALE','KTAS2',36.3546712,127.3431508,1913,'공사장에서 일하다가 추락','대전 유성구 봉명동 550-11'),(613,'YOUTH','2023-11-17 02:23:51.099322','MALE','KTAS2',36.3546712,127.3431508,1913,'공사장에서 일하다가 추락','대전 유성구 봉명동 550-11'),(614,'YOUTH','2023-11-17 02:24:58.636342','MALE','KTAS2',36.3483728,127.3001402,1994,'복합 골절 및 출혈','대전 유성구 덕명동 622'),(615,'YOUTH','2023-11-17 02:26:46.918509','MALE','KTAS3',36.3528192,127.30368,1994,'복합 골절 및 출혈','대전 유성구 덕명동 산 16-12'),(616,'YOUTH','2023-11-17 02:30:40.184159','MALE','KTAS3',36.3528192,127.30368,1994,'골절 및 출혈','대전 유성구 덕명동 산 16-12'),(617,'YOUTH','2023-11-17 02:38:29.449079','MALE','KTAS2',36.3483682,127.3001439,1994,'골절 및 출혈','대전 유성구 덕명동 622'),(618,'MIDDLE','2023-11-17 02:42:12.707218','MALE','KTAS1',36.3494354,127.2979376,1696,'낙상으로 인한 머리 손상','대전 유성구 덕명동 624'),(619,'YOUTH','2023-11-17 02:43:23.057676','MALE','KTAS2',36.3483526,127.3001344,1994,'','대전 유성구 덕명동 622'),(620,'YOUTH','2023-11-17 02:44:43.642448','MALE','KTAS3',36.3483526,127.3001344,1994,'구토 및 복통, 고열','대전 유성구 덕명동 622'),(621,'MIDDLE','2023-11-17 02:46:10.691985','MALE','KTAS1',36.3494351,127.2979357,1696,'낙상으로 인한 머리 손상','대전 유성구 덕명동 624'),(622,'SENIOR','2023-11-17 02:47:12.142140','MALE','KTAS1',36.3692032,127.320064,1696,'낙상으로 인한 머리 손상','대전 유성구 노은동 541'),(623,'SENIOR','2023-11-17 02:48:01.691692','MALE','KTAS1',36.3692032,127.320064,1696,'낙상으로 인한 머리 손상','대전 유성구 노은동 541'),(624,'YOUTH','2023-11-17 02:51:05.378610','MALE','KTAS3',36.3481842,127.2998521,1994,'심각한 복부팽만 및 복통 호소','대전 유성구 덕명동 600-12'),(625,'YOUTH','2023-11-17 02:56:30.286164','MALE','KTAS3',36.3483823,127.3001451,1994,'심각한 복부팽만 및 복통 호소','대전 유성구 덕명동 622'),(626,'SENIOR','2023-11-17 02:58:32.698273','MALE','KTAS1',36.3494407,127.2979446,1696,'낙상으로인한 머리손상','대전 유성구 덕명동 624'),(627,'INFANT','2023-11-17 03:06:47.346217','FEMALE','KTAS3',36.3532327,127.3503005,1913,'사탕을 먹다가 기도가 막힘','대전 유성구 봉명동 496-25'),(628,'YOUTH','2023-11-17 03:10:44.385947','FEMALE','KTAS4',36.3532327,127.3503005,1913,'극심한 빈혈 광명 사거리에서 쓰러져 있었어요','대전 유성구 봉명동 496-25'),(629,'CHILD','2023-11-17 03:49:37.131083','FEMALE','KTAS3',36.3494582,127.2979886,1696,'복통과 고열','대전 유성구 덕명동 589-11'),(630,'MIDDLE','2023-11-17 03:51:19.840951','MALE','KTAS3',36.3546687,127.3431567,1913,'덕명네거리 번화가에서 만취 상태. 구토 및 오한 ','대전 유성구 봉명동 550-11'),(631,'MIDDLE','2023-11-17 03:52:52.807873','MALE','KTAS3',36.3532327,127.3503005,1913,'둔산동에서 만취 상태. 구토 및 발열','대전 유성구 봉명동 496-25'),(632,'CHILD','2023-11-17 04:11:31.389279','FEMALE','KTAS3',36.3532327,127.3503005,1913,'낙상. 겨울 빙판길에서 미끄러져 바닥에 부딪힘','대전 유성구 봉명동 496-25'),(633,'INFANT','2023-11-17 04:40:33.669979','FEMALE','KTAS2',36.3532327,127.3503005,1913,'심한 복통 및 구토감 호소','대전 유성구 봉명동 496-25');
/*!40000 ALTER TABLE `occurrence` ENABLE KEYS */;

--
-- Table structure for table `occurrence_file`
--

DROP TABLE IF EXISTS `occurrence_file`;
/*!40101 SET @saved_cs_client     = @@character_set_client */;
/*!50503 SET character_set_client = utf8mb4 */;
CREATE TABLE `occurrence_file` (
  `id` bigint(20) NOT NULL AUTO_INCREMENT,
  `content_type` varchar(255) DEFAULT NULL,
  `created_at` datetime(6) DEFAULT NULL,
  `saved_file_name` varchar(255) DEFAULT NULL,
  `size` bigint(20) DEFAULT NULL,
  `occurrence_id` bigint(20) DEFAULT NULL,
  PRIMARY KEY (`id`),
  KEY `FK2jxyce4krxy69bco1xp8uxjdw` (`occurrence_id`),
  CONSTRAINT `FK2jxyce4krxy69bco1xp8uxjdw` FOREIGN KEY (`occurrence_id`) REFERENCES `occurrence` (`id`)
) ENGINE=InnoDB AUTO_INCREMENT=162 DEFAULT CHARSET=utf8mb4 COLLATE=utf8mb4_general_ci;
/*!40101 SET character_set_client = @saved_cs_client */;

--
-- Dumping data for table `occurrence_file`
--

/*!40000 ALTER TABLE `occurrence_file` DISABLE KEYS */;
INSERT INTO `occurrence_file` VALUES (145,'audio/webm;codecs=opus','2023-11-16 22:57:09.043655','https://codesmith-ggdj.s3.ap-northeast-2.amazonaws.com/8c2a34ff-b3dd-4720-a65d-6b3c45dbf31etmp.webm',54601,583),(146,'audio/webm;codecs=opus','2023-11-16 23:54:55.745007','https://codesmith-ggdj.s3.ap-northeast-2.amazonaws.com/bcbb229a-c503-41ab-94ee-2e1c1ab3852atmp.webm',74026,584),(147,'audio/webm;codecs=opus','2023-11-16 23:56:43.516554','https://codesmith-ggdj.s3.ap-northeast-2.amazonaws.com/3e04a4cf-60ce-4d1c-ad79-c55a1c679c92tmp.webm',47823,585),(148,'audio/webm;codecs=opus','2023-11-17 00:03:56.776033','https://codesmith-ggdj.s3.ap-northeast-2.amazonaws.com/290da122-6937-43f0-bba8-77fd99cb63cctmp.webm',47794,586),(149,'image/png','2023-11-17 00:51:58.034769','https://codesmith-ggdj.s3.ap-northeast-2.amazonaws.com/6088cc62-3227-4bd1-95c2-3738331397f6vYFBHfpgULGmVX9M7k2YP.png',1678659,587),(150,'audio/webm;codecs=opus','2023-11-17 00:51:58.036207','https://codesmith-ggdj.s3.ap-northeast-2.amazonaws.com/3030cea3-9d51-4c59-9aa9-537f73ec0d12tmp.webm',139430,587),(151,'audio/webm;codecs=opus','2023-11-17 01:44:31.519365','https://codesmith-ggdj.s3.ap-northeast-2.amazonaws.com/c5c7086d-33b1-4196-8374-1710e0886cc2tmp.webm',64386,593),(152,'audio/webm;codecs=opus','2023-11-17 01:45:37.041845','https://codesmith-ggdj.s3.ap-northeast-2.amazonaws.com/bdc8244c-16cd-42fb-97da-f69853bd511etmp.webm',55566,595),(153,'audio/webm;codecs=opus','2023-11-17 01:57:53.146620','https://codesmith-ggdj.s3.ap-northeast-2.amazonaws.com/7c78e1d5-db3b-48ec-bc0d-4cac7895b5actmp.webm',58433,598),(154,'audio/webm;codecs=opus','2023-11-17 02:18:07.617152','https://codesmith-ggdj.s3.ap-northeast-2.amazonaws.com/1629b041-7869-4e60-ad3d-5abc11c3e9adtmp.webm',73076,601),(155,'audio/webm;codecs=opus','2023-11-17 02:21:38.653958','https://codesmith-ggdj.s3.ap-northeast-2.amazonaws.com/370169a7-62aa-4ac4-bf0d-ca52ebdcca34tmp.webm',61364,605),(156,'audio/webm;codecs=opus','2023-11-17 02:22:02.385610','https://codesmith-ggdj.s3.ap-northeast-2.amazonaws.com/370169a7-62aa-4ac4-bf0d-ca52ebdcca34tmp.webm',61364,606),(157,'audio/webm;codecs=opus','2023-11-17 02:22:36.274017','https://codesmith-ggdj.s3.ap-northeast-2.amazonaws.com/370169a7-62aa-4ac4-bf0d-ca52ebdcca34tmp.webm',61364,609),(158,'audio/webm;codecs=opus','2023-11-17 02:22:41.834854','https://codesmith-ggdj.s3.ap-northeast-2.amazonaws.com/370169a7-62aa-4ac4-bf0d-ca52ebdcca34tmp.webm',61364,610),(159,'audio/webm;codecs=opus','2023-11-17 02:23:11.121837','https://codesmith-ggdj.s3.ap-northeast-2.amazonaws.com/14dfd5ad-3bd2-4b85-b298-d90aa34e9507tmp.webm',58409,611),(160,'audio/webm;codecs=opus','2023-11-17 02:23:18.377599','https://codesmith-ggdj.s3.ap-northeast-2.amazonaws.com/14dfd5ad-3bd2-4b85-b298-d90aa34e9507tmp.webm',58409,612),(161,'audio/webm;codecs=opus','2023-11-17 03:10:44.394060','https://codesmith-ggdj.s3.ap-northeast-2.amazonaws.com/67ed93d5-e999-4a87-b899-48db4120efd1tmp.webm',116180,628);
/*!40000 ALTER TABLE `occurrence_file` ENABLE KEYS */;

--
-- Table structure for table `occurrence_tag`
--

DROP TABLE IF EXISTS `occurrence_tag`;
/*!40101 SET @saved_cs_client     = @@character_set_client */;
/*!50503 SET character_set_client = utf8mb4 */;
CREATE TABLE `occurrence_tag` (
  `id` bigint(20) NOT NULL AUTO_INCREMENT,
  `occurrence_id` bigint(20) DEFAULT NULL,
  `tag_id` bigint(20) DEFAULT NULL,
  PRIMARY KEY (`id`),
  KEY `FK5ro9b5lrv84ivknsml6nj0uqj` (`occurrence_id`),
  KEY `FK68q5mke3sjjdgefeast5ifdlb` (`tag_id`),
  CONSTRAINT `FK5ro9b5lrv84ivknsml6nj0uqj` FOREIGN KEY (`occurrence_id`) REFERENCES `occurrence` (`id`),
  CONSTRAINT `FK68q5mke3sjjdgefeast5ifdlb` FOREIGN KEY (`tag_id`) REFERENCES `tag` (`id`)
) ENGINE=InnoDB AUTO_INCREMENT=655 DEFAULT CHARSET=utf8mb4 COLLATE=utf8mb4_general_ci;
/*!40101 SET character_set_client = @saved_cs_client */;

--
-- Dumping data for table `occurrence_tag`
--

/*!40000 ALTER TABLE `occurrence_tag` DISABLE KEYS */;
INSERT INTO `occurrence_tag` VALUES (545,553,149),(546,553,150),(547,554,151),(548,554,152),(549,555,153),(550,556,152),(551,556,155),(552,557,154),(553,558,154),(554,558,156),(555,559,157),(556,560,158),(557,561,159),(558,562,150),(559,562,159),(560,563,160),(561,564,161),(562,564,155),(565,567,159),(568,569,150),(569,569,154),(570,570,166),(571,571,166),(581,578,154),(582,580,154),(583,581,167),(584,582,155),(585,583,153),(586,583,155),(587,584,158),(588,585,158),(589,585,159),(590,586,158),(591,586,159),(592,587,159),(593,588,159),(594,589,154),(595,590,154),(596,591,159),(597,592,168),(598,593,152),(599,594,168),(600,595,152),(601,596,168),(602,597,168),(603,598,155),(604,598,154),(605,599,168),(606,600,152),(607,601,159),(608,602,155),(609,602,154),(610,603,159),(611,603,150),(612,603,154),(613,604,159),(614,604,150),(615,604,154),(616,605,158),(617,606,158),(618,607,159),(619,607,150),(620,608,159),(621,608,150),(622,609,158),(623,610,158),(624,611,158),(625,612,158),(626,612,155),(627,613,158),(628,613,155),(629,614,159),(630,614,150),(631,615,159),(632,615,150),(633,616,150),(634,616,159),(635,617,150),(636,617,159),(637,618,154),(638,619,150),(639,619,159),(640,620,152),(641,621,154),(642,622,154),(643,623,154),(644,624,152),(645,625,152),(646,626,154),(647,627,155),(648,628,154),(649,629,152),(650,629,151),(651,630,152),(652,631,152),(653,632,158),(654,633,152);
/*!40000 ALTER TABLE `occurrence_tag` ENABLE KEYS */;

--
-- Table structure for table `tag`
--

DROP TABLE IF EXISTS `tag`;
/*!40101 SET @saved_cs_client     = @@character_set_client */;
/*!50503 SET character_set_client = utf8mb4 */;
CREATE TABLE `tag` (
  `id` bigint(20) NOT NULL AUTO_INCREMENT,
  `name` varchar(255) DEFAULT NULL,
  PRIMARY KEY (`id`)
) ENGINE=InnoDB AUTO_INCREMENT=169 DEFAULT CHARSET=utf8mb4 COLLATE=utf8mb4_general_ci;
/*!40101 SET character_set_client = @saved_cs_client */;

--
-- Dumping data for table `tag`
--

/*!40000 ALTER TABLE `tag` DISABLE KEYS */;
INSERT INTO `tag` VALUES (149,'TA'),(150,'출혈'),(151,'발열'),(152,'복통'),(153,'심정지'),(154,'의식불명'),(155,'호흡곤란'),(156,'뇌출혈'),(157,'당뇨'),(158,'낙상'),(159,'골절'),(160,'실명'),(161,'빈혈'),(166,'화상'),(167,'영양실조'),(168,'과로');
/*!40000 ALTER TABLE `tag` ENABLE KEYS */;
/*!40103 SET TIME_ZONE=@OLD_TIME_ZONE */;

/*!40101 SET SQL_MODE=@OLD_SQL_MODE */;
/*!40014 SET FOREIGN_KEY_CHECKS=@OLD_FOREIGN_KEY_CHECKS */;
/*!40014 SET UNIQUE_CHECKS=@OLD_UNIQUE_CHECKS */;
/*!40101 SET CHARACTER_SET_CLIENT=@OLD_CHARACTER_SET_CLIENT */;
/*!40101 SET CHARACTER_SET_RESULTS=@OLD_CHARACTER_SET_RESULTS */;
/*!40101 SET COLLATION_CONNECTION=@OLD_COLLATION_CONNECTION */;
/*!40111 SET SQL_NOTES=@OLD_SQL_NOTES */;

-- Dump completed on 2023-11-17  6:37:38
